zone_id,current_lst,greenery_reduction,roofs_reduction,combined_reduction,ai_recommendation
Zone_0_0,46.7,0.54,1.38,4.02,"For Zone_0_0 in Amritsar, I strongly recommend prioritizing the combined intervention of adding greenery/trees and installing cool/reflective roofs, as this approach can reduce the surface temperature by a significant 4.02°C. Implementing both measures together is the most effective strategy, as it not only surpasses the individual benefits of each intervention but also provides a substantial reduction in temperature, making it a crucial step in mitigating the urban heat island effect in this zone."
Zone_0_1,45.76,0.34,1.72,3.78,"I recommend prioritizing the implementation of both greenery/trees and cool/reflective roofs in Zone_0_1, as this combined approach can effectively reduce the surface temperature by 3.78°C, providing the most significant mitigation against the current extreme heat of 45.76°C. By focusing on this dual strategy, the city planner can efficiently allocate resources to maximize the cooling benefits, making the area more livable and sustainable for its residents."
Zone_0_2,45.82,0.5,1.43,3.73,"I strongly recommend that the city planner prioritize implementing a combined strategy of adding greenery and installing cool/reflective roofs in Zone_0_2, as this approach would result in a significant temperature reduction of 3.73°C. By doing so, the city can maximize the cooling benefits and create a more livable environment for residents, making it a more effective and practical intervention compared to implementing either measure alone."
Zone_0_3,46.42,0.84,1.67,4.3,"For Zone_0_3 in Amritsar, I strongly recommend prioritizing a combined intervention of adding greenery/trees and installing cool/reflective roofs, as this approach would effectively reduce the surface temperature by 4.3°C, providing the most significant cooling benefit. By implementing this dual strategy, the city can maximize the mitigation of urban heat island effects, creating a more livable and sustainable environment for residents, and the relatively higher reduction in temperature justifies the potential increased costs and efforts required for a combined approach."
Zone_1_0,45.85,0.53,1.47,3.29,"I recommend prioritizing the implementation of both greenery/trees and cool/reflective roofs in Zone_1_0, as this combined approach can effectively reduce the surface temperature by 3.29°C, providing the most significant heat mitigation benefit. By doing so, the city planner can address the extreme heat issue in this zone, improving the livability and comfort of its residents, and this dual-intervention strategy can be achieved through a combination of urban forestry initiatives and building code updates that incentivize cool roof installations."
Zone_1_1,45.69,1.5,1.97,5.19,"I recommend prioritizing a combined approach of adding greenery/trees and installing cool/reflective roofs in Zone_1_1, as this intervention would reduce the surface temperature by a significant 5.19°C. By implementing both measures together, the city can maximize the cooling benefits and create a more livable environment, making it a more effective use of resources compared to implementing either measure alone, which would only reduce temperatures by 1.5°C or 1.97°C, respectively."
Zone_1_2,46.91,2.09,2.13,4.35,"I recommend prioritizing the combined intervention of adding greenery/trees and installing cool/reflective roofs in Zone_1_2, as this approach would result in the most significant temperature reduction of 4.35°C. By implementing both strategies together, the city planner can create a synergistic effect that not only provides shade and reflects sunlight, but also helps to mitigate the urban heat island effect, ultimately improving the livability and comfort of the area for its residents."
Zone_1_3,46.09,0.5,2.0,3.63,"I recommend prioritizing the installation of cool/reflective roofs in Zone_1_3, as this single intervention can reduce the surface temperature by 2.0°C, providing the most significant cooling benefit compared to adding greenery alone. Implementing both cool roofs and greenery would be the most effective approach, reducing the temperature by 3.63°C, but if resources are limited, starting with cool roofs would be the most efficient way to mitigate the urban heat island effect in this zone."
Zone_2_0,45.98,0.43,1.88,3.57,"For Zone_2_0 in Amritsar, I recommend prioritizing the implementation of both adding greenery/trees and cool/reflective roofs, as this combined approach would reduce the surface temperature by 3.57°C, providing the most significant mitigation against the current extreme heat of 45.98°C. By doing so, the city can effectively create a cooler and more livable environment, and this dual strategy can be achieved through a combination of urban forestry initiatives and incentives for building owners to install cool roofs, making it a practical and impactful solution."
Zone_2_1,45.6,1.37,1.39,5.18,"I strongly recommend prioritizing the combined intervention of adding greenery and cool/reflective roofs in Zone_2_1, as this approach would result in a significant temperature reduction of 5.18°C, providing the most substantial relief from the current estimated surface temperature of 45.6°C. By implementing this dual strategy, the city planner can maximize the urban heat mitigation benefits, creating a more livable and sustainable environment for residents, whereas implementing either measure alone would only yield a reduction of around 1.4°C."
Zone_2_2,46.67,1.12,1.94,4.79,"I recommend prioritizing a combination of adding greenery/trees and installing cool/reflective roofs in Zone_2_2, as this approach would reduce the surface temperature by 4.79°C, making it the most effective way to mitigate the urban heat island effect in this area. By implementing both strategies together, the city planner can create a significant and lasting impact, reducing the temperature by nearly 10% and improving the livability and sustainability of Zone_2_2."
Zone_2_3,45.84,0.61,1.51,3.74,"For Zone_2_3 in Amritsar, I recommend prioritizing a combined approach of adding greenery and installing cool/reflective roofs, as this would result in a significant temperature reduction of 3.74°C, making the area more livable and mitigating the urban heat island effect. By implementing both interventions together, the city can maximize the cooling benefits and create a more sustainable and resilient urban environment, which is a more effective strategy than pursuing either measure individually."
Zone_3_0,45.98,0.43,1.85,3.87,"I strongly recommend that the city planner prioritize implementing a combination of adding greenery/trees and cool/reflective roofs in Zone_3_0, as this dual approach can effectively reduce the surface temperature by 3.87°C, providing the most significant heat mitigation benefit. By tackling the urban heat island effect through this multifaceted strategy, the city can create a more livable and sustainable environment for its residents, making it a worthwhile investment for both public health and environmental well-being."
Zone_3_1,46.11,0.53,2.16,4.76,"I strongly recommend that the city planner prioritize implementing a combination of adding greenery/trees and cool/reflective roofs in Zone_3_1, as this dual approach can reduce the surface temperature by a significant 4.76°C. By implementing both interventions together, the city can maximize the cooling benefits and create a more sustainable and livable environment, making it a more effective use of resources compared to pursuing either strategy alone."
Zone_3_2,46.4,0.57,1.18,4.05,"For Zone_3_2 in Amritsar, I strongly recommend prioritizing a combined intervention of adding greenery/trees and installing cool/reflective roofs, as this approach would reduce the surface temperature by a significant 4.05°C. Implementing both measures together is the most effective strategy, as it would not only provide a greater temperature reduction than either measure alone, but also offer a more comprehensive and sustainable solution to mitigate the urban heat island effect in this zone."
Zone_3_3,46.33,-0.02,0.94,3.58,"For Zone_3_3 in Amritsar, I strongly recommend prioritizing the combined intervention of adding greenery/trees and installing cool/reflective roofs, as this approach would result in a substantial temperature reduction of 3.58°C. This dual strategy is the most effective way to mitigate the current extreme surface temperature of 46.33°C, and its implementation should be fast-tracked to provide relief to residents and make the area more livable."
